id,created_at,updated_at
4271,06/07/2015 14:01:34,06/29/2015 07:45:55
34,04/01/2015 01:47:31,04/17/2015 04:05:04
6779,02/03/2015 14:18:50,04/14/2015 14:19:18
2585,05/17/2015 05:33:23,05/20/2015 20:49:35
3909,01/02/2015 19:19:45,05/15/2015 03:44:23
6229,06/11/2015 03:13:47,06/27/2015 00:24:51
2199,06/25/2015 23:18:05,07/04/2015 06:38:47
3833,03/16/2015 15:10:17,03/28/2015 08:30:56
3756,12/28/2014 03:08:40,06/10/2015 03:11:23
9883,06/01/2015 06:23:35,06/04/2015 10:53:57
2055,02/15/2015 13:38:24,05/31/2015 20:58:22
563,05/29/2015 09:29:12,06/21/2015 07:56:19
7444,01/03/2015 20:39:34,03/30/2015 14:57:42
7844,12/12/2014 22:14:27,05/17/2015 15:04:04
5408,12/11/2014 15:36:35,12/12/2014 17:34:26
9305,12/08/2014 08:00:33,01/11/2015 18:15:42
4047,03/23/2015 04:04:49,04/02/2015 00:27:40
8668,06/05/2015 02:21:46,06/11/2015 21:57:55
5985,03/16/2015 08:57:13,04/09/2015 03:49:05
6149,11/07/2014 22:36:38,12/17/2014 23:10:48
1157,04/29/2015 14:54:27,06/19/2015 08:10:59
1724,02/03/2015 17:53:39,06/23/2015 02:35:05
8662,05/04/2015 01:10:09,05/04/2015 11:37:09
4079,07/02/2015 18:30:10,07/02/2015 20:39:18
1628,12/16/2014 22:31:59,01/29/2015 07:32:02
6792,11/28/2014 13:28:42,04/30/2015 08:54:36
3759,12/22/2014 04:44:09,03/27/2015 19:59:09
4620,03/06/2015 14:20:20,05/05/2015 13:09:08
8135,11/28/2014 16:55:14,06/11/2015 19:11:53
6171,02/28/2015 13:10:37,03/13/2015 13:17:30
5182,05/17/2015 06:40:33,07/05/2015 23:15:21
4182,12/30/2014 12:51:37,05/07/2015 05:41:22
922,02/04/2015 05:15:49,06/22/2015 05:52:24
1718,12/10/2014 10:52:49,06/01/2015 19:42:13
438,04/14/2015 08:03:29,07/08/2015 09:53:21
7687,06/30/2015 22:25:12,07/06/2015 01:15:21
8691,05/14/2015 17:43:48,06/02/2015 03:11:32
9879,01/17/2015 03:25:26,01/31/2015 12:52:45
6849,03/09/2015 18:50:36,07/07/2015 16:30:04
8355,01/07/2015 03:30:35,06/29/2015 15:47:11
4389,11/02/2014 14:17:21,05/29/2015 22:12:39
6361,03/15/2015 00:54:26,06/30/2015 05:28:10
8371,05/12/2015 20:19:30,06/24/2015 20:09:27
9924,01/11/2015 11:33:30,06/17/2015 23:20:28
5957,06/26/2015 13:37:26,06/30/2015 17:15:50
5910,12/07/2014 00:04:04,04/06/2015 05:34:24
8039,06/23/2015 03:05:03,06/27/2015 17:03:39
6031,12/09/2014 02:05:56,01/19/2015 06:47:40
8297,04/17/2015 13:16:11,06/06/2015 06:35:34
1092,01/05/2015 18:28:58,03/18/2015 14:58:00
5168,04/23/2015 11:43:54,05/22/2015 17:56:34
8739,04/26/2015 11:05:28,06/05/2015 22:04:29
1559,05/16/2015 23:14:27,05/21/2015 06:10:28
7127,04/24/2015 01:15:04,06/17/2015 20:25:09
8502,11/02/2014 23:29:45,03/23/2015 11:42:57
9325,02/10/2015 01:36:56,04/19/2015 12:18:26
5934,01/23/2015 18:34:27,04/29/2015 04:29:41
7089,05/15/2015 19:20:09,06/15/2015 17:06:26
6921,05/29/2015 15:48:01,06/04/2015 16:03:45
4217,11/13/2014 00:48:35,03/04/2015 16:05:39
6844,11/30/2014 15:16:08,02/17/2015 05:36:17
6526,05/04/2015 00:24:27,07/02/2015 15:02:58
4114,03/10/2015 02:41:01,06/28/2015 06:56:19
9281,05/13/2015 11:29:19,06/14/2015 17:28:20
5302,04/23/2015 02:27:18,05/18/2015 17:47:59
4316,01/08/2015 05:53:52,01/26/2015 22:10:58
9112,06/04/2015 04:04:00,06/22/2015 16:39:13
3885,02/10/2015 03:49:43,04/21/2015 17:00:56
1891,03/16/2015 20:54:03,05/18/2015 21:21:55
2494,05/05/2015 04:57:07,05/11/2015 14:12:31
9479,06/12/2015 00:24:45,06/13/2015 07:03:37
1690,06/25/2015 14:53:40,07/04/2015 23:47:32
6789,07/04/2015 05:59:24,07/04/2015 12:43:24
6088,06/12/2015 01:52:38,06/28/2015 08:42:33
3669,06/11/2015 22:01:07,06/28/2015 07:20:00
4543,01/09/2015 13:55:13,03/01/2015 18:41:31
719,11/30/2014 18:59:56,06/21/2015 14:09:18
7694,01/15/2015 04:48:36,06/06/2015 08:04:05
9168,02/27/2015 01:46:17,04/08/2015 13:29:08
5388,11/23/2014 04:18:25,03/16/2015 16:36:46
5162,12/24/2014 04:36:39,06/30/2015 01:06:47
4636,11/22/2014 13:24:21,03/24/2015 09:27:25
6297,06/05/2015 17:57:26,06/21/2015 07:53:59
3747,05/22/2015 17:20:30,06/01/2015 01:39:52
986,02/07/2015 12:34:25,03/07/2015 04:41:12
165,01/27/2015 12:06:07,06/25/2015 13:43:58
7525,07/01/2015 16:57:06,07/07/2015 22:35:35
1347,04/29/2015 17:16:21,06/29/2015 23:54:06
8291,12/26/2014 08:28:34,02/04/2015 13:49:24
4583,03/27/2015 17:18:02,05/23/2015 03:48:22
7619,11/23/2014 10:26:06,05/18/2015 12:27:41
3403,01/23/2015 22:40:23,01/28/2015 03:44:00
3196,12/07/2014 20:32:52,06/14/2015 05:57:09
8709,02/18/2015 17:01:32,05/15/2015 04:37:36
8174,02/28/2015 01:51:24,03/04/2015 11:43:31
6654,11/06/2014 17:59:56,12/29/2014 03:27:28
3807,06/07/2015 03:05:34,06/16/2015 18:58:03
2516,12/27/2014 04:42:57,03/30/2015 15:18:51
2474,01/28/2015 10:18:47,04/17/2015 08:42:52
7864,11/17/2014 11:50:58,02/23/2015 09:22:06
1614,12/14/2014 18:23:24,01/26/2015 01:34:45
8569,05/02/2015 19:29:39,06/05/2015 17:02:45
1440,12/06/2014 03:52:50,07/05/2015 08:54:54
4034,05/07/2015 18:23:26,06/03/2015 02:56:43
6640,02/06/2015 17:48:24,04/07/2015 01:20:36
5849,05/03/2015 17:33:20,05/15/2015 03:10:38
1197,04/20/2015 04:50:44,04/25/2015 21:26:03
7167,12/01/2014 22:16:51,03/09/2015 17:51:55
2734,01/01/2015 18:06:57,03/20/2015 13:26:56
3972,12/16/2014 11:17:27,06/10/2015 13:10:17
1189,11/17/2014 15:40:25,01/23/2015 07:41:57
2028,06/09/2015 09:25:45,07/01/2015 11:12:57
8356,11/14/2014 04:39:02,02/25/2015 06:59:10
6322,02/19/2015 04:15:16,05/25/2015 09:55:23
7326,12/29/2014 06:44:31,05/02/2015 07:21:43
7435,11/09/2014 08:22:53,02/06/2015 11:30:04
5315,11/26/2014 14:44:05,04/11/2015 10:16:47
9968,06/24/2015 17:22:43,06/25/2015 09:37:23
9625,05/29/2015 02:30:22,05/29/2015 22:52:10
8503,06/11/2015 22:35:10,06/30/2015 21:04:48
9061,06/24/2015 10:37:00,06/29/2015 11:28:52
4560,06/18/2015 21:12:18,06/26/2015 02:22:32
8642,02/19/2015 23:09:22,05/16/2015 23:27:22
995,03/08/2015 04:15:03,06/04/2015 01:31:47
6500,04/01/2015 09:07:06,06/12/2015 23:06:08
4267,05/13/2015 03:02:11,06/01/2015 15:53:37
1794,12/27/2014 16:12:32,04/27/2015 19:00:53
6860,01/20/2015 14:10:42,03/02/2015 09:30:12
8894,12/23/2014 06:35:28,05/31/2015 11:45:26
7050,04/14/2015 06:55:32,04/25/2015 15:54:40
1411,02/19/2015 05:34:55,03/14/2015 00:02:23
5962,01/08/2015 22:02:23,01/24/2015 03:27:57
5765,12/04/2014 18:41:59,05/03/2015 19:53:47
4300,05/07/2015 13:52:20,05/08/2015 11:36:23
2473,05/26/2015 05:50:09,06/05/2015 06:18:02
1150,03/15/2015 14:44:31,03/31/2015 07:19:05
569,02/11/2015 17:44:47,05/28/2015 01:30:03
9010,02/17/2015 06:02:53,06/18/2015 09:25:18
3955,12/15/2014 02:58:04,06/26/2015 17:34:51
8909,03/22/2015 14:12:37,06/30/2015 19:00:03
5111,11/26/2014 15:20:27,01/22/2015 10:46:16
9587,05/16/2015 13:58:41,06/25/2015 09:10:54
2205,06/16/2015 16:35:06,06/19/2015 16:34:51
780,06/20/2015 05:55:14,06/27/2015 23:37:11
8594,01/23/2015 21:23:42,06/05/2015 22:44:39
85,02/05/2015 08:51:05,02/14/2015 15:08:14
6146,07/07/2015 08:18:52,07/07/2015 15:46:36
4279,03/28/2015 10:52:19,05/13/2015 11:47:43
6107,11/14/2014 03:18:35,12/23/2014 03:51:39
3904,11/25/2014 10:26:37,04/06/2015 23:34:15
7942,01/17/2015 16:48:15,04/30/2015 15:54:36
9635,03/29/2015 15:09:13,04/19/2015 22:02:16
1288,04/16/2015 16:48:31,06/03/2015 16:53:47
2571,04/08/2015 01:32:58,04/27/2015 22:38:58
2815,05/05/2015 17:35:04,05/19/2015 06:07:08
420,07/07/2015 02:38:20,07/08/2015 03:01:24
598,03/11/2015 17:29:37,03/26/2015 20:46:15
2608,11/15/2014 06:07:09,02/17/2015 17:05:19
8251,06/24/2015 08:49:49,06/30/2015 13:49:02
2284,04/29/2015 17:15:53,06/02/2015 12:01:15
8606,01/26/2015 19:27:18,04/15/2015 10:06:41
3209,01/02/2015 15:14:42,02/28/2015 10:01:53
4516,12/08/2014 21:51:00,12/27/2014 07:14:25
5940,04/27/2015 22:02:03,06/01/2015 02:06:16
3210,07/04/2015 09:04:16,07/08/2015 20:18:36
8164,12/12/2014 07:59:28,02/24/2015 16:56:52
7084,12/21/2014 03:52:37,05/07/2015 16:10:57
544,03/17/2015 04:53:51,04/14/2015 20:27:29
5548,01/14/2015 19:02:33,03/31/2015 23:38:19
8185,02/14/2015 10:31:01,03/03/2015 08:24:50
5945,12/20/2014 00:22:54,05/09/2015 22:00:25
7656,01/21/2015 18:24:48,02/08/2015 02:35:39
7230,04/28/2015 15:33:36,06/15/2015 07:10:12
3281,04/21/2015 12:29:19,06/29/2015 10:39:29
7179,06/28/2015 13:43:13,07/03/2015 15:10:50
37,01/29/2015 18:33:47,04/09/2015 14:15:39
1552,05/12/2015 00:41:10,06/05/2015 23:22:29
7909,04/11/2015 01:29:42,04/14/2015 06:25:38
6349,05/23/2015 18:07:44,06/14/2015 15:34:01
5502,12/24/2014 11:33:18,02/05/2015 04:54:36
8416,12/06/2014 23:42:39,05/08/2015 14:20:43
7136,05/14/2015 19:12:50,06/04/2015 18:58:48
71,11/10/2014 02:27:49,01/30/2015 23:11:09
9739,12/24/2014 12:51:20,02/13/2015 11:48:16
8937,03/12/2015 22:57:25,04/10/2015 23:38:21
5188,12/16/2014 03:01:43,02/17/2015 18:31:27
8915,05/02/2015 08:38:57,06/04/2015 03:02:33
2518,04/18/2015 18:55:08,05/31/2015 15:32:34
9822,01/04/2015 11:20:16,05/06/2015 13:46:37
8510,03/20/2015 18:16:10,04/06/2015 09:42:51
9346,12/27/2014 16:21:36,03/31/2015 00:49:28
7778,05/09/2015 03:11:25,06/18/2015 12:16:26
65,11/30/2014 15:32:27,01/29/2015 03:23:54
934,02/07/2015 14:23:52,02/12/2015 00:25:51
8362,12/30/2014 11:04:32,02/06/2015 08:56:11
3612,05/10/2015 23:03:10,06/27/2015 07:26:26
1301,05/18/2015 13:01:17,05/30/2015 15:43:29
9256,06/08/2015 10:24:27,06/09/2015 13:04:44
5759,11/17/2014 00:46:34,06/14/2015 10:26:42
9177,06/19/2015 01:06:12,07/03/2015 01:58:48
5889,03/28/2015 10:41:51,05/30/2015 06:35:48
7550,05/15/2015 07:16:43,06/24/2015 07:11:17
6706,07/08/2015 08:49:31,07/08/2015 09:41:55
1910,01/03/2015 07:28:08,05/31/2015 12:16:35
7915,02/16/2015 04:10:56,05/03/2015 18:38:35
3358,03/19/2015 18:12:44,04/29/2015 11:39:37
963,12/04/2014 08:20:00,06/22/2015 16:03:22
4199,05/03/2015 04:55:23,05/24/2015 09:45:41
4626,12/21/2014 04:46:01,03/25/2015 15:44:37
9911,06/20/2015 21:38:20,06/26/2015 07:01:10
5615,03/20/2015 06:15:21,05/17/2015 14:42:44
9529,06/24/2015 19:31:12,07/08/2015 19:08:33
5864,06/25/2015 23:49:23,06/28/2015 23:28:56
3371,01/28/2015 09:09:55,03/19/2015 01:37:32
4331,06/17/2015 18:40:29,07/01/2015 18:29:22
3499,11/30/2014 06:54:52,04/17/2015 01:36:26
7111,01/21/2015 09:13:54,01/31/2015 09:53:02
6235,06/05/2015 22:11:15,06/24/2015 10:49:42
2747,05/13/2015 22:13:02,06/13/2015 02:22:25
3600,02/03/2015 22:34:57,06/11/2015 01:05:16
4147,04/25/2015 00:43:07,06/10/2015 12:58:10
2317,01/23/2015 12:16:04,04/26/2015 07:19:04
7077,02/09/2015 03:06:35,06/10/2015 06:29:29
2781,02/01/2015 05:07:07,03/18/2015 13:25:13
6224,04/03/2015 20:32:39,04/25/2015 19:43:40
6433,02/11/2015 17:26:43,02/23/2015 14:27:41
841,12/14/2014 10:28:32,04/24/2015 03:02:52
515,04/22/2015 19:09:57,07/01/2015 16:27:04
8034,11/10/2014 02:47:42,03/28/2015 22:52:19
707,03/08/2015 08:32:57,04/25/2015 20:01:32
3506,03/22/2015 23:53:14,06/01/2015 06:16:54
5641,04/09/2015 03:16:36,05/10/2015 12:58:32
4816,03/01/2015 19:45:49,04/17/2015 22:36:55
5998,02/26/2015 03:02:08,03/10/2015 05:31:40
6030,05/30/2015 04:08:41,06/11/2015 10:33:24
6747,05/23/2015 07:08:57,06/24/2015 13:24:49
1018,07/07/2015 18:22:27,07/07/2015 19:52:48
9451,01/27/2015 03:31:08,05/04/2015 13:39:02
4836,01/23/2015 23:35:36,07/02/2015 12:32:40
19,05/22/2015 04:03:57,06/29/2015 14:28:01
546,01/23/2015 12:56:20,05/08/2015 19:13:07
5793,02/14/2015 15:18:14,05/15/2015 00:42:39
8138,03/20/2015 09:00:55,06/26/2015 03:03:26
5554,11/27/2014 10:57:00,04/21/2015 15:28:02
445,06/19/2015 03:32:28,06/28/2015 19:42:37
541,05/09/2015 21:24:04,06/04/2015 12:11:23
5141,05/07/2015 16:43:41,05/27/2015 08:52:14
9081,03/17/2015 11:47:09,04/05/2015 00:45:42
8378,02/15/2015 18:46:00,03/14/2015 17:36:11
655,06/19/2015 14:50:55,06/27/2015 10:27:55
7922,05/22/2015 22:56:36,06/21/2015 14:10:48
3481,02/04/2015 13:28:20,03/05/2015 16:26:39
617,03/16/2015 14:58:05,05/06/2015 06:50:22
4376,03/11/2015 09:01:11,06/14/2015 13:40:57
6647,05/21/2015 05:51:09,06/16/2015 20:02:12
2699,05/10/2015 18:08:35,05/11/2015 18:21:29
8584,12/11/2014 04:26:39,12/15/2014 15:36:10
8059,05/05/2015 13:04:09,06/16/2015 03:59:55
6674,06/03/2015 11:04:46,06/18/2015 15:39:17
7524,03/23/2015 00:51:05,03/27/2015 08:16:17
4704,12/11/2014 17:45:29,02/09/2015 14:14:17
5385,12/05/2014 00:09:15,05/20/2015 05:21:15
1945,04/24/2015 07:56:22,05/17/2015 13:22:08
7517,06/04/2015 11:36:16,06/28/2015 19:29:15
7174,12/30/2014 20:11:18,01/06/2015 02:49:39
7721,02/01/2015 06:11:26,06/25/2015 02:14:40
3382,06/14/2015 01:12:01,06/19/2015 18:53:16
7420,01/31/2015 02:59:37,03/10/2015 12:13:13
1611,06/09/2015 13:01:29,06/10/2015 06:18:00
9141,11/22/2014 14:55:39,01/05/2015 06:47:23
8801,11/01/2014 04:27:52,01/21/2015 22:17:43
9,02/19/2015 05:03:06,05/29/2015 15:57:16
6393,01/18/2015 07:06:23,07/06/2015 00:45:10
3405,11/05/2014 02:32:01,03/06/2015 17:10:48
7913,06/25/2015 18:21:44,07/07/2015 03:05:14
1249,04/05/2015 12:04:38,06/21/2015 05:20:44
3057,05/08/2015 01:24:13,05/25/2015 07:05:01
4272,04/14/2015 09:52:03,06/07/2015 10:03:40
3162,04/09/2015 16:04:39,04/10/2015 03:31:03
5865,05/15/2015 04:26:44,07/07/2015 22:57:55
882,06/05/2015 09:24:25,06/12/2015 01:13:28
432,04/27/2015 17:59:38,05/22/2015 10:37:56
4441,11/04/2014 13:05:34,12/15/2014 18:23:18
1448,04/01/2015 20:00:33,05/17/2015 00:25:34
7858,04/09/2015 12:54:50,05/03/2015 03:59:16
1032,12/25/2014 03:36:36,12/26/2014 19:03:29
3290,03/01/2015 14:21:39,04/28/2015 19:26:40
6386,05/12/2015 09:36:24,05/30/2015 11:53:45
4390,02/28/2015 21:38:54,03/17/2015 21:27:17
4796,07/08/2015 16:59:03,07/09/2015 00:27:28
5883,07/07/2015 05:21:32,07/08/2015 11:52:58
7065,05/23/2015 20:29:32,06/27/2015 03:22:16
540,04/29/2015 22:02:55,06/02/2015 05:25:03
2173,03/12/2015 00:09:47,07/05/2015 20:10:05
9417,01/02/2015 07:48:19,02/04/2015 04:14:06
6013,01/20/2015 06:11:04,02/02/2015 18:37:53
4679,04/25/2015 17:14:35,06/30/2015 04:57:41
6139,05/21/2015 07:58:43,06/30/2015 03:56:23
157,12/01/2014 16:13:16,04/16/2015 21:27:07
977,03/12/2015 15:54:15,05/29/2015 18:38:32
674,01/31/2015 11:37:07,02/16/2015 20:10:14
8497,06/26/2015 13:26:12,07/05/2015 13:53:16
6530,06/10/2015 06:24:33,06/16/2015 11:05:15
9251,06/27/2015 16:25:00,07/04/2015 10:55:13
6493,11/14/2014 17:21:25,03/16/2015 04:08:54
8864,02/12/2015 14:53:12,04/25/2015 05:44:15
4622,02/10/2015 05:53:10,03/26/2015 23:01:18
1102,07/01/2015 11:50:26,07/08/2015 03:19:21
5448,04/25/2015 10:33:50,06/12/2015 03:01:57
7451,04/04/2015 19:45:54,05/19/2015 18:29:25
1107,03/18/2015 18:34:43,05/05/2015 21:04:34
7222,04/23/2015 04:41:25,07/04/2015 16:37:50
2501,02/06/2015 15:08:11,02/19/2015 05:48:49
1643,05/07/2015 18:32:18,06/15/2015 02:47:35
8797,03/16/2015 03:56:37,07/01/2015 20:44:46
959,03/17/2015 08:40:11,05/11/2015 08:53:45
6,02/22/2015 10:57:08,03/20/2015 01:24:32
5713,01/08/2015 08:37:34,06/08/2015 08:53:51
3717,06/21/2015 17:56:23,06/26/2015 10:45:11
3924,11/13/2014 20:45:02,05/01/2015 03:42:09
1200,05/28/2015 10:27:12,06/27/2015 04:07:32
732,02/01/2015 06:00:57,04/02/2015 02:14:06
8200,02/25/2015 17:26:23,03/09/2015 19:47:01
4075,06/25/2015 18:55:44,06/26/2015 13:58:19
6758,11/06/2014 12:36:01,11/24/2014 18:59:29
8429,12/20/2014 07:19:42,02/11/2015 18:13:27
3749,06/27/2015 17:55:00,06/30/2015 05:02:09
3123,11/05/2014 10:14:32,05/27/2015 13:50:04
6416,05/31/2015 20:06:28,06/14/2015 13:30:37
5508,03/25/2015 11:58:29,06/05/2015 17:53:05
7443,04/02/2015 09:37:14,04/14/2015 14:45:30
8230,05/02/2015 13:27:03,07/08/2015 23:29:15
5796,11/21/2014 21:34:55,06/28/2015 19:37:20
323,01/08/2015 03:37:01,02/08/2015 20:10:35
5362,05/06/2015 06:58:40,06/24/2015 09:22:22
4514,03/08/2015 12:09:29,04/02/2015 15:53:18
2453,06/14/2015 16:29:30,06/18/2015 17:26:16
6639,12/06/2014 23:34:36,12/19/2014 05:46:33
942,01/05/2015 10:48:26,03/05/2015 01:28:19
6491,03/19/2015 22:45:45,06/24/2015 12:52:35
5356,12/17/2014 04:28:05,03/26/2015 05:19:10
3911,02/27/2015 11:30:30,06/16/2015 04:10:33
9681,06/22/2015 16:46:08,06/29/2015 12:01:57
1315,02/22/2015 22:21:17,05/03/2015 20:51:46
3111,04/20/2015 13:56:07,06/02/2015 20:38:14
5589,12/02/2014 10:15:04,04/07/2015 03:36:51
8388,06/19/2015 09:11:56,07/04/2015 05:24:15
2069,01/22/2015 00:50:09,05/28/2015 22:14:38
4335,01/06/2015 17:39:56,01/07/2015 20:51:52
7919,04/24/2015 07:12:07,05/11/2015 10:23:35
8825,12/25/2014 14:48:49,06/29/2015 11:59:43
6944,02/26/2015 05:53:29,04/21/2015 03:43:48
2467,12/27/2014 06:22:12,06/22/2015 18:45:27
5929,05/21/2015 14:13:58,06/03/2015 18:05:46
6838,04/21/2015 06:57:17,06/22/2015 18:45:34
651,03/18/2015 06:23:37,04/19/2015 14:49:38
5259,04/08/2015 20:38:51,04/18/2015 20:21:01
9193,06/18/2015 02:50:48,07/08/2015 03:11:28
5967,03/11/2015 10:36:11,03/17/2015 23:00:31
8238,07/08/2015 08:21:46,07/08/2015 17:05:51
5520,05/09/2015 06:42:38,05/31/2015 18:18:27
2925,12/09/2014 17:54:50,02/08/2015 01:52:09
4761,06/13/2015 07:48:18,07/04/2015 01:27:20
4548,11/10/2014 01:11:21,12/02/2014 05:37:56
4744,12/20/2014 06:48:27,05/10/2015 12:18:20
5249,01/10/2015 15:35:19,01/25/2015 17:51:54
7763,11/21/2014 14:10:36,02/25/2015 04:56:05
8516,06/29/2015 16:55:06,07/04/2015 10:04:29
1760,03/12/2015 02:52:28,03/26/2015 12:17:22
5711,11/23/2014 14:52:24,01/31/2015 16:23:57
6328,03/03/2015 18:27:53,04/11/2015 01:45:35
3417,04/09/2015 07:54:25,06/24/2015 21:08:22
6993,05/10/2015 18:19:43,05/14/2015 12:32:40
5800,11/14/2014 02:41:26,02/02/2015 02:52:55
8740,12/20/2014 12:16:40,02/14/2015 01:14:04
5725,04/08/2015 10:21:40,06/27/2015 23:10:24
8545,01/03/2015 23:42:39,02/21/2015 01:31:47
9289,12/03/2014 15:47:13,03/08/2015 19:22:00
7352,01/09/2015 12:14:59,05/17/2015 00:09:02
5361,01/06/2015 00:53:17,01/16/2015 19:54:41
5176,05/28/2015 14:39:01,06/13/2015 16:40:34
2360,12/31/2014 06:40:47,03/13/2015 09:42:33
4946,03/06/2015 00:58:03,04/06/2015 00:24:30
8054,07/05/2015 13:28:17,07/07/2015 06:54:49
1205,05/01/2015 06:03:03,06/04/2015 02:13:58
5154,06/28/2015 07:41:51,06/30/2015 06:12:33
9922,02/04/2015 08:37:12,04/08/2015 17:43:21
4073,05/24/2015 02:57:07,06/03/2015 07:39:53
7202,02/05/2015 03:06:15,04/06/2015 19:11:29
5326,07/07/2015 07:12:00,07/08/2015 07:51:11
6087,04/08/2015 14:16:23,05/01/2015 07:25:35
6739,07/03/2015 16:58:16,07/04/2015 07:26:10
1908,02/09/2015 17:25:03,03/04/2015 20:52:36
8180,11/09/2014 01:28:16,04/17/2015 11:28:55
7358,12/28/2014 15:51:36,06/30/2015 18:58:18
1652,12/14/2014 09:47:18,03/07/2015 03:24:17
8992,12/26/2014 22:44:46,01/22/2015 22:17:15
3424,06/21/2015 08:37:35,06/25/2015 15:03:37
2637,01/04/2015 02:13:43,03/12/2015 15:32:24
5501,07/03/2015 07:50:32,07/04/2015 16:30:40
3202,11/09/2014 00:10:58,03/24/2015 14:15:48
3386,04/06/2015 10:21:36,07/02/2015 15:23:47
1964,12/30/2014 00:54:55,06/08/2015 08:52:46
1881,06/01/2015 21:07:50,07/04/2015 23:42:33
9646,06/24/2015 00:51:38,07/05/2015 07:23:54
9622,04/25/2015 14:04:25,05/21/2015 15:30:05
5155,04/29/2015 23:12:07,06/24/2015 19:20:11
4508,05/11/2015 01:54:17,05/18/2015 00:37:39
9087,06/12/2015 03:42:49,06/17/2015 05:13:17
9254,03/02/2015 05:54:24,06/08/2015 00:39:26
3296,11/01/2014 08:19:47,02/16/2015 03:18:00
2288,12/15/2014 18:01:30,05/16/2015 18:02:52
2676,02/15/2015 16:41:01,04/03/2015 23:08:43
5848,06/07/2015 02:44:13,07/01/2015 08:29:38
7788,04/14/2015 18:35:09,05/25/2015 19:18:24
2986,03/24/2015 08:20:27,06/03/2015 18:07:44
5480,05/16/2015 17:46:22,07/08/2015 20:26:09
2937,11/16/2014 20:46:10,12/17/2014 09:34:15
3575,03/11/2015 00:27:27,06/15/2015 18:00:03
7105,03/05/2015 20:31:45,06/19/2015 23:18:03
4920,12/02/2014 21:24:43,04/30/2015 17:50:20
7460,06/17/2015 10:38:42,07/04/2015 19:36:33
6984,11/30/2014 23:32:07,04/05/2015 11:13:44
4963,11/03/2014 12:23:36,03/11/2015 09:07:32
57,02/01/2015 04:20:33,04/16/2015 12:55:00
5964,12/29/2014 15:55:06,03/20/2015 18:59:44
8891,03/06/2015 03:31:08,04/02/2015 04:35:17
1773,01/21/2015 07:04:13,02/28/2015 06:13:36
5435,05/02/2015 08:51:10,05/31/2015 02:30:41
8988,04/01/2015 16:12:33,04/05/2015 02:02:35
2824,04/21/2015 00:53:43,06/13/2015 15:33:27
6510,05/06/2015 18:11:22,06/30/2015 15:42:02
8229,01/15/2015 04:15:30,04/26/2015 10:41:34
2761,06/10/2015 12:17:52,06/22/2015 22:19:36
5939,11/19/2014 22:35:54,02/03/2015 12:14:12
2245,11/05/2014 14:16:45,06/30/2015 15:48:35
4682,06/16/2015 16:56:08,06/28/2015 15:37:50
4438,04/08/2015 07:35:55,06/28/2015 06:20:26
3925,11/07/2014 10:06:45,02/06/2015 07:08:56
6259,02/24/2015 20:02:48,04/10/2015 14:32:44
1371,11/24/2014 21:32:56,03/01/2015 01:09:34
8293,05/06/2015 10:36:55,05/10/2015 13:29:37
8492,05/30/2015 12:52:36,06/29/2015 13:01:31
773,06/13/2015 12:59:21,07/07/2015 13:52:26
238,01/07/2015 05:05:02,02/11/2015 05:43:37
9714,04/18/2015 16:54:14,05/25/2015 03:18:59
4393,06/11/2015 06:13:51,06/27/2015 15:08:18
7811,01/26/2015 10:35:33,06/22/2015 02:52:04
3526,03/11/2015 05:22:26,03/14/2015 05:29:50
5512,03/01/2015 17:26:22,03/30/2015 23:59:00
7589,11/28/2014 13:09:39,06/22/2015 19:40:51
5881,12/03/2014 10:36:25,12/23/2014 08:00:30
8713,01/10/2015 03:27:00,04/14/2015 12:07:35
5932,11/26/2014 08:42:57,06/26/2015 04:01:24
8792,12/10/2014 21:09:52,02/27/2015 10:56:12
8333,11/09/2014 06:54:36,05/18/2015 11:05:21
9536,05/04/2015 22:43:58,05/05/2015 23:53:59
3849,03/27/2015 17:27:27,06/13/2015 15:29:28
7578,04/16/2015 03:41:28,06/29/2015 14:14:17
8504,05/15/2015 07:24:52,05/27/2015 22:51:22
9633,03/17/2015 10:30:55,04/16/2015 20:42:04
8824,07/03/2015 11:36:13,07/08/2015 22:03:37
4850,01/01/2015 11:39:01,06/07/2015 11:47:25
7020,06/11/2015 21:24:35,06/16/2015 11:35:56
9487,12/22/2014 03:18:36,05/06/2015 08:36:05
2396,12/19/2014 05:08:06,06/06/2015 03:17:55
7975,04/18/2015 18:08:44,05/20/2015 12:28:36
1530,05/16/2015 20:31:57,06/08/2015 02:12:58
8476,01/01/2015 08:13:20,03/22/2015 11:17:50
7313,02/09/2015 08:28:24,06/25/2015 14:49:07
5227,02/11/2015 02:50:16,05/21/2015 13:16:51
8282,01/17/2015 07:19:38,01/21/2015 03:10:46
2897,04/30/2015 17:55:26,05/30/2015 04:12:09
44,03/22/2015 22:34:05,05/23/2015 01:42:38
6662,12/26/2014 02:13:53,05/24/2015 17:37:00
6531,04/20/2015 18:16:14,06/15/2015 10:59:14
7650,06/19/2015 07:56:19,06/27/2015 21:46:56
5400,03/03/2015 06:08:42,05/28/2015 03:24:21
8052,05/08/2015 18:08:25,06/09/2015 17:41:57
5151,02/14/2015 14:10:18,04/24/2015 02:04:49
3332,05/25/2015 02:34:43,06/11/2015 23:17:32
8518,06/26/2015 11:48:11,06/30/2015 13:20:11
8465,12/22/2014 09:13:05,05/25/2015 02:38:41
5411,11/28/2014 14:51:23,02/04/2015 04:56:06
5410,06/17/2015 04:47:13,06/26/2015 05:32:11
9138,06/06/2015 07:04:26,06/21/2015 03:52:42
2399,03/31/2015 18:25:41,06/02/2015 05:37:42
9969,02/14/2015 19:37:00,03/06/2015 14:16:00
9652,02/22/2015 12:12:40,02/23/2015 22:00:39
8878,06/03/2015 05:22:59,07/05/2015 02:25:11
2334,02/11/2015 22:31:33,04/10/2015 14:39:53
5873,12/21/2014 00:49:51,03/12/2015 17:19:08
9130,12/14/2014 00:28:55,12/16/2014 18:40:28
874,01/05/2015 01:20:14,03/26/2015 01:59:01
8310,05/26/2015 14:15:29,06/21/2015 15:51:02
327,03/22/2015 07:38:52,04/20/2015 20:05:23
1699,03/16/2015 15:35:13,07/03/2015 18:00:47
3856,06/08/2015 04:25:38,06/15/2015 13:35:38
2665,11/05/2014 22:55:52,01/22/2015 17:21:57
8650,06/01/2015 21:47:44,06/29/2015 16:12:25
3238,11/23/2014 14:16:34,12/22/2014 17:47:42
9388,03/25/2015 19:27:10,06/11/2015 07:10:12
6780,06/16/2015 05:56:56,06/21/2015 16:30:38
6440,11/30/2014 10:23:31,03/09/2015 04:35:21
7930,02/21/2015 15:55:28,06/08/2015 20:03:34
2878,03/18/2015 12:27:26,05/26/2015 17:26:06
5327,11/05/2014 19:55:29,12/24/2014 01:06:46
6724,01/22/2015 05:03:50,03/10/2015 04:07:32
7333,07/02/2015 10:55:45,07/06/2015 21:59:08
7612,01/22/2015 16:33:18,04/03/2015 07:08:47
5885,04/20/2015 21:36:29,06/29/2015 13:26:28
4613,11/29/2014 23:05:16,03/31/2015 08:20:33
1900,11/01/2014 14:39:36,11/06/2014 01:30:04
410,03/01/2015 10:36:19,05/29/2015 05:29:12
4490,12/27/2014 01:58:30,04/18/2015 19:18:06
8412,01/17/2015 06:24:31,05/12/2015 11:14:11
5935,03/25/2015 08:08:22,06/30/2015 14:49:29
1596,05/16/2015 20:28:57,06/14/2015 18:50:51
3860,11/21/2014 10:33:12,01/24/2015 21:01:00
5770,07/02/2015 20:19:02,07/04/2015 10:06:56
3415,05/22/2015 18:10:03,06/23/2015 02:50:54
9574,01/27/2015 02:55:06,05/25/2015 10:15:26
5819,04/30/2015 01:31:36,07/03/2015 12:16:49
4898,02/25/2015 16:28:47,03/14/2015 04:51:19
4397,04/26/2015 10:06:13,05/05/2015 05:31:58
4645,01/11/2015 20:56:03,03/13/2015 16:59:22
4334,01/23/2015 14:16:17,04/25/2015 16:31:12
1258,01/19/2015 12:08:02,04/03/2015 05:00:16
8318,05/10/2015 06:37:34,05/20/2015 21:52:02
92,01/19/2015 02:22:44,01/21/2015 00:45:24
8681,03/19/2015 16:42:45,05/29/2015 05:52:05
1632,12/09/2014 08:59:59,05/09/2015 20:08:22
6017,02/20/2015 14:28:21,05/15/2015 07:06:11
7278,02/06/2015 22:48:36,06/30/2015 15:35:50
2060,02/08/2015 18:43:17,03/17/2015 19:20:19
6093,06/01/2015 18:29:48,06/24/2015 01:29:41
2970,11/29/2014 21:51:46,01/12/2015 02:19:47
6136,11/24/2014 14:13:58,03/09/2015 06:01:29
4994,06/28/2015 00:09:22,07/01/2015 07:49:27
9720,11/15/2014 02:49:37,04/14/2015 04:46:46
8593,05/05/2015 18:07:07,05/27/2015 08:55:24
5482,07/07/2015 00:28:23,07/09/2015 00:40:11
2291,11/14/2014 22:41:05,07/08/2015 06:31:24
7840,06/06/2015 09:24:38,06/15/2015 09:44:25
2316,02/11/2015 23:39:44,03/18/2015 22:00:54
6720,04/26/2015 10:25:08,05/18/2015 06:12:50
2238,02/01/2015 08:06:38,05/06/2015 02:09:59
4712,01/02/2015 13:44:29,01/15/2015 18:31:48
6455,06/10/2015 09:45:10,07/06/2015 20:24:39
9970,01/15/2015 14:04:10,05/28/2015 16:57:17
1278,03/17/2015 02:56:38,04/15/2015 10:53:17
7792,06/30/2015 17:15:52,07/07/2015 20:10:15
7863,12/20/2014 07:39:52,04/24/2015 10:22:13
3892,02/10/2015 09:08:16,02/14/2015 00:43:50
568,12/13/2014 14:30:55,03/28/2015 08:30:03
8056,06/19/2015 09:33:09,06/20/2015 04:13:57
1282,11/06/2014 05:16:29,05/30/2015 15:19:40
9165,11/18/2014 04:44:02,01/16/2015 07:10:41
441,04/28/2015 18:04:05,05/01/2015 10:47:09
8956,11/13/2014 18:49:10,06/16/2015 04:27:53
2257,03/07/2015 09:12:18,03/25/2015 14:06:36
4190,02/09/2015 14:45:50,06/24/2015 01:33:01
3189,05/03/2015 11:44:36,05/31/2015 14:46:00
2536,06/27/2015 15:32:04,06/30/2015 08:07:31
7293,03/03/2015 22:18:52,06/25/2015 12:15:48
9677,02/04/2015 20:00:51,05/04/2015 17:14:59
9910,01/09/2015 07:38:37,02/04/2015 07:21:25
5220,05/12/2015 13:08:34,06/15/2015 12:29:48
5766,02/14/2015 17:04:54,06/28/2015 12:02:54
8190,04/25/2015 16:31:21,06/28/2015 13:55:22
2019,05/15/2015 22:08:35,07/06/2015 01:52:07
2216,02/01/2015 12:33:45,05/26/2015 05:36:53
3179,04/05/2015 02:20:04,05/22/2015 15:30:03
8028,11/16/2014 12:38:22,01/28/2015 19:22:23
338,04/19/2015 13:34:19,05/17/2015 23:44:59
829,06/28/2015 14:03:40,07/02/2015 23:52:10
7508,12/05/2014 01:04:33,03/13/2015 10:38:11
967,02/23/2015 21:00:37,02/26/2015 06:35:00
5803,01/29/2015 01:42:31,02/04/2015 15:13:39
3147,11/11/2014 21:27:47,06/18/2015 01:22:58
9323,01/12/2015 15:57:06,03/01/2015 15:18:42
6886,11/19/2014 20:07:06,04/23/2015 17:08:48
2411,06/01/2015 09:54:41,06/16/2015 09:04:50
4957,01/29/2015 20:54:32,06/27/2015 03:04:11
730,03/18/2015 16:08:01,05/03/2015 12:13:05
6514,05/16/2015 16:17:34,06/10/2015 09:31:08
8995,01/03/2015 13:05:08,03/20/2015 16:19:19
691,02/22/2015 17:23:17,07/06/2015 14:02:37
4115,04/24/2015 20:24:45,06/05/2015 04:21:03
2294,11/22/2014 22:50:15,05/04/2015 20:53:31
9155,11/12/2014 03:41:30,02/21/2015 23:35:49
9936,12/31/2014 19:01:06,06/24/2015 18:45:30
2843,01/12/2015 01:03:05,05/04/2015 20:01:13
415,12/01/2014 21:18:10,06/10/2015 00:56:15
8143,05/21/2015 06:27:21,06/07/2015 22:38:57
9190,01/20/2015 20:39:23,02/05/2015 11:56:07
5915,01/31/2015 05:54:39,04/02/2015 18:37:20
2526,02/18/2015 07:00:09,04/26/2015 14:20:35
7234,06/14/2015 13:14:35,06/23/2015 09:46:35
6246,05/01/2015 12:20:24,05/09/2015 00:49:04
7715,12/11/2014 06:40:24,05/11/2015 02:10:55
8924,05/05/2015 19:00:15,06/25/2015 12:01:59
669,11/13/2014 01:07:46,05/25/2015 10:22:39
3622,11/01/2014 19:13:25,03/23/2015 13:36:11
4770,12/15/2014 14:16:50,04/12/2015 07:06:07
620,03/22/2015 21:26:57,06/13/2015 07:56:35
612,12/31/2014 21:20:45,04/03/2015 15:18:43
3667,02/13/2015 20:18:27,04/24/2015 17:03:40
3145,06/17/2015 17:51:29,06/30/2015 17:21:19
3310,06/04/2015 03:39:44,07/01/2015 04:17:42
7311,04/23/2015 23:03:56,06/21/2015 16:26:01
376,03/26/2015 20:53:33,06/10/2015 14:07:38
5054,06/02/2015 22:19:17,06/28/2015 19:52:10
8,05/23/2015 18:30:28,07/07/2015 01:30:54
2246,02/08/2015 06:31:57,05/14/2015 01:47:06
5631,11/01/2014 23:07:36,11/26/2014 06:04:26
2383,12/08/2014 16:12:15,07/03/2015 22:13:05
4976,11/05/2014 08:30:26,06/01/2015 10:24:43
4571,06/15/2015 05:25:06,06/17/2015 01:36:34
4534,01/25/2015 05:08:30,06/02/2015 16:16:47
3903,11/10/2014 04:04:42,04/11/2015 07:55:00
4071,05/21/2015 22:50:35,06/24/2015 13:53:44
8115,04/17/2015 18:39:46,05/09/2015 07:20:36
5951,12/15/2014 01:43:20,05/27/2015 05:46:21
5708,06/16/2015 15:24:57,06/20/2015 14:21:23
1678,04/14/2015 09:26:41,05/04/2015 06:32:59
9815,01/22/2015 17:29:42,04/22/2015 16:03:03
3457,01/20/2015 20:24:23,02/21/2015 23:01:06
5055,12/31/2014 17:05:30,06/05/2015 19:43:33
2444,04/11/2015 14:57:14,04/22/2015 18:40:52
4418,05/08/2015 19:12:39,06/23/2015 11:00:24
7430,05/21/2015 14:02:49,07/08/2015 20:57:23
3020,02/13/2015 07:38:55,03/28/2015 23:36:32
7595,01/14/2015 17:32:01,03/27/2015 04:01:29
267,06/17/2015 22:45:02,07/06/2015 17:13:58
3828,03/02/2015 13:29:56,05/30/2015 19:10:03
1999,11/15/2014 19:37:26,02/17/2015 20:45:20
7802,12/14/2014 06:11:21,12/18/2014 09:38:51
4841,02/13/2015 18:56:02,03/08/2015 10:03:05
6343,02/02/2015 18:59:10,04/09/2015 03:20:25
8121,12/29/2014 23:15:21,04/05/2015 22:23:44
8406,12/29/2014 06:03:05,01/15/2015 03:51:08
1304,01/14/2015 02:13:37,03/14/2015 12:02:49
5735,02/19/2015 07:00:27,06/24/2015 01:48:17
757,06/22/2015 15:42:20,07/05/2015 02:51:23
4336,07/03/2015 07:02:23,07/05/2015 19:10:49
4526,05/09/2015 15:58:22,06/16/2015 01:58:53
5425,03/19/2015 01:13:10,04/21/2015 09:56:14
920,11/15/2014 12:58:19,06/09/2015 05:36:43
5096,01/09/2015 10:42:21,04/06/2015 00:48:07
8908,05/29/2015 02:53:31,06/25/2015 04:59:03
9731,03/06/2015 19:11:55,06/27/2015 04:28:23
3964,12/30/2014 19:20:10,01/07/2015 08:10:43
5912,02/18/2015 02:20:41,05/21/2015 06:39:11
9017,12/18/2014 19:17:31,01/26/2015 13:24:02
5290,03/31/2015 12:30:50,06/13/2015 13:43:00
3766,11/11/2014 13:06:14,11/21/2014 04:17:54
1780,03/22/2015 15:13:21,06/10/2015 16:45:29
8784,05/06/2015 22:42:06,06/15/2015 02:44:12
8063,04/20/2015 11:03:57,05/19/2015 14:55:25
1456,02/12/2015 21:32:32,03/11/2015 18:17:07
5058,11/18/2014 04:21:17,01/21/2015 12:13:27
5965,01/27/2015 05:04:36,05/18/2015 19:58:01
3585,06/26/2015 15:48:48,06/28/2015 18:03:25
3327,03/22/2015 14:30:25,04/18/2015 23:55:41
5780,06/22/2015 14:40:22,06/23/2015 03:55:23
8151,11/12/2014 10:51:05,06/24/2015 09:41:04
2600,12/22/2014 00:40:01,04/10/2015 13:51:53
9363,05/20/2015 08:11:57,05/26/2015 04:33:01
2232,04/09/2015 16:35:13,04/30/2015 01:08:34
4707,04/26/2015 15:39:27,07/07/2015 06:15:20
1149,04/18/2015 21:47:04,06/20/2015 18:21:39
4619,01/27/2015 07:29:34,05/25/2015 07:50:55
2634,12/12/2014 22:30:41,12/30/2014 12:59:25
426,04/17/2015 21:42:52,05/28/2015 01:09:11
8731,11/12/2014 01:04:18,05/13/2015 06:34:13
3173,12/16/2014 20:55:58,12/30/2014 22:37:57
6277,07/01/2015 16:56:26,07/08/2015 02:38:15
6990,01/19/2015 14:52:27,06/26/2015 08:28:08
6940,11/29/2014 03:54:03,12/07/2014 14:54:24
5888,06/09/2015 20:28:46,06/20/2015 11:58:25
6623,12/01/2014 23:59:21,01/09/2015 14:48:53
3979,12/12/2014 13:41:00,04/24/2015 20:34:38
4380,04/13/2015 00:59:58,06/19/2015 13:23:48
5949,11/24/2014 10:08:36,12/27/2014 23:52:04
2800,06/24/2015 20:16:23,07/07/2015 22:14:17
8525,11/13/2014 02:06:34,11/19/2014 18:44:56
4002,12/25/2014 03:04:06,03/25/2015 08:02:35
870,11/30/2014 10:07:32,03/29/2015 05:00:44
4113,02/12/2015 11:37:18,02/17/2015 11:34:26
8695,02/12/2015 12:52:38,06/30/2015 06:04:14
745,02/18/2015 09:29:11,02/23/2015 02:55:41
3191,11/08/2014 06:08:45,06/07/2015 10:44:28
3313,04/16/2015 06:50:41,06/22/2015 10:34:40
9345,03/25/2015 01:52:08,04/01/2015 13:04:28
4811,02/18/2015 10:31:11,05/15/2015 21:15:16
67,11/14/2014 11:13:38,06/08/2015 09:02:14
2323,12/21/2014 17:11:09,04/28/2015 06:37:32
7182,05/02/2015 15:26:09,06/14/2015 05:31:59
8103,07/02/2015 12:25:19,07/02/2015 14:05:15
9846,01/13/2015 15:29:49,03/20/2015 04:35:23
4106,03/01/2015 17:13:52,07/07/2015 22:33:10
9199,12/27/2014 02:01:00,02/21/2015 03:51:37
9243,03/31/2015 22:20:11,04/13/2015 12:07:22
781,04/27/2015 10:38:58,05/29/2015 00:54:36
876,05/05/2015 04:14:09,06/16/2015 16:07:53
3940,03/16/2015 02:49:34,05/02/2015 12:34:28
5739,03/05/2015 16:41:13,03/14/2015 02:27:24
9378,02/25/2015 07:33:08,03/12/2015 05:29:42
2093,01/01/2015 03:13:03,01/06/2015 23:39:49
6041,06/04/2015 18:19:04,06/06/2015 21:07:50
8678,03/03/2015 20:58:39,03/26/2015 07:17:53
611,03/23/2015 10:21:56,05/01/2015 17:35:48
8298,12/18/2014 21:59:40,06/02/2015 01:08:54
9828,02/03/2015 05:48:08,04/22/2015 18:57:00
5088,03/30/2015 17:38:01,07/04/2015 04:19:18
9737,06/09/2015 20:31:10,07/05/2015 14:03:13
1450,06/04/2015 19:49:24,06/30/2015 17:12:58
9433,04/10/2015 21:21:59,06/22/2015 02:43:54
5203,03/19/2015 05:05:14,05/09/2015 22:50:48
8380,12/31/2014 23:27:27,06/20/2015 19:33:10
273,11/08/2014 10:48:37,05/24/2015 13:37:46
8032,04/04/2015 01:14:27,06/25/2015 17:48:27
280,07/02/2015 18:17:25,07/08/2015 11:57:03
62,01/17/2015 16:35:15,06/23/2015 18:30:31
3407,04/09/2015 02:15:18,05/09/2015 15:46:24
6339,01/16/2015 07:09:44,01/27/2015 12:02:29
4733,12/29/2014 09:53:49,04/28/2015 23:46:19
384,01/02/2015 03:43:31,06/07/2015 15:26:09
3923,12/14/2014 22:47:14,12/21/2014 16:43:52
7203,11/20/2014 02:49:50,12/29/2014 00:23:57
2982,01/02/2015 10:32:29,03/13/2015 02:39:35
1019,11/05/2014 06:09:10,11/14/2014 16:39:14
8317,12/11/2014 06:29:43,12/12/2014 15:11:04
308,03/21/2015 02:20:34,04/23/2015 21:05:01
635,03/20/2015 19:09:29,04/15/2015 09:00:15
4953,12/04/2014 10:00:36,06/25/2015 03:10:31
5121,01/10/2015 11:02:56,03/25/2015 03:23:40
4157,11/04/2014 17:38:08,04/22/2015 18:37:12
6757,06/19/2015 12:09:20,06/25/2015 17:49:24
9095,05/22/2015 04:12:03,06/01/2015 19:00:57
4768,12/06/2014 01:56:19,06/14/2015 12:53:08
108,05/28/2015 07:12:05,07/08/2015 07:59:09
6447,04/22/2015 01:51:49,06/09/2015 17:43:25
311,04/09/2015 08:51:39,06/07/2015 06:22:58
9609,03/23/2015 22:16:41,06/15/2015 19:45:27
7321,01/27/2015 08:11:16,05/03/2015 23:53:12
72,05/29/2015 04:53:24,06/01/2015 18:04:49
9320,12/06/2014 18:56:59,12/27/2014 07:52:14
1697,04/24/2015 16:29:43,05/07/2015 08:23:13
2387,05/31/2015 16:08:33,07/08/2015 13:09:37
1034,05/12/2015 14:10:42,06/07/2015 22:13:15
2638,04/26/2015 11:35:02,06/07/2015 13:13:58
1679,11/19/2014 14:08:26,02/21/2015 01:49:32
5503,03/12/2015 20:40:15,05/20/2015 12:58:01
5294,01/27/2015 02:24:42,02/14/2015 01:32:56
2873,01/16/2015 15:13:26,04/06/2015 22:36:25
1055,06/07/2015 12:17:22,07/04/2015 17:18:09
6102,12/01/2014 02:55:22,03/21/2015 14:37:34
4213,11/14/2014 12:02:11,01/31/2015 06:23:23
4045,07/02/2015 19:57:27,07/03/2015 07:36:25
8672,11/25/2014 01:44:14,05/02/2015 13:44:36
5233,12/26/2014 18:24:42,04/10/2015 19:22:28
5240,05/02/2015 16:39:12,05/18/2015 19:06:51
7338,05/06/2015 14:48:10,05/24/2015 08:35:46
2758,05/18/2015 07:06:32,06/24/2015 00:37:29
8735,12/13/2014 22:42:46,03/29/2015 04:09:01
8000,06/06/2015 02:34:35,06/20/2015 16:51:54
4662,03/26/2015 21:16:36,04/11/2015 20:38:20
3308,06/18/2015 18:04:59,06/22/2015 10:17:19
7081,02/19/2015 07:18:08,04/03/2015 11:40:55
1545,03/06/2015 20:16:35,05/12/2015 12:59:43
2545,05/28/2015 04:45:37,07/05/2015 05:15:03
4974,05/14/2015 04:58:06,07/03/2015 00:57:15
6845,02/01/2015 07:46:51,04/03/2015 08:36:17
5420,03/12/2015 06:07:43,06/14/2015 20:38:24
591,05/22/2015 12:44:27,06/08/2015 03:45:18
4906,04/01/2015 08:35:31,04/02/2015 07:42:10
2723,05/25/2015 09:28:27,06/03/2015 08:00:42
9892,05/03/2015 03:05:18,05/12/2015 13:57:47
2568,05/23/2015 15:19:44,07/05/2015 07:05:49
7419,01/07/2015 21:40:00,05/05/2015 19:41:29
2187,02/05/2015 23:16:36,06/12/2015 14:12:26
2005,04/23/2015 03:21:10,04/26/2015 21:54:20
1993,01/05/2015 22:39:22,04/07/2015 11:40:10
2211,05/11/2015 23:50:24,06/28/2015 11:40:21
6571,05/21/2015 00:38:10,06/25/2015 16:00:56
1008,02/19/2015 17:56:58,04/22/2015 06:34:55
5330,01/25/2015 01:22:41,03/22/2015 17:50:19
325,04/24/2015 14:00:59,04/27/2015 22:44:37
3110,11/12/2014 21:03:44,12/31/2014 16:20:55
3068,03/24/2015 07:28:15,05/29/2015 23:59:45
2295,02/08/2015 04:18:08,06/07/2015 01:58:28
2393,12/04/2014 09:02:19,03/13/2015 22:00:09
6970,01/19/2015 03:29:10,05/25/2015 17:40:49
9871,05/10/2015 15:56:27,05/31/2015 09:56:01
5558,11/22/2014 17:21:20,01/01/2015 12:30:19
366,04/09/2015 04:28:06,05/01/2015 08:48:28
5609,05/29/2015 18:06:35,06/06/2015 10:21:49
3183,04/16/2015 05:15:28,06/09/2015 06:49:58
7401,03/09/2015 04:16:22,03/15/2015 18:52:10
9314,05/16/2015 22:23:54,07/02/2015 04:55:27
7887,03/02/2015 00:24:05,03/29/2015 07:11:40
646,03/01/2015 20:37:50,05/17/2015 15:40:39
1619,06/06/2015 14:09:20,06/20/2015 09:47:06
3825,04/08/2015 13:48:56,07/01/2015 19:07:49
7586,03/13/2015 09:44:56,05/10/2015 20:21:43
3423,12/14/2014 18:26:10,07/03/2015 05:00:00
6422,04/29/2015 12:42:25,06/18/2015 16:18:48
3152,03/16/2015 10:29:38,04/20/2015 09:12:23
6049,02/07/2015 06:17:45,06/30/2015 07:18:25
8480,03/12/2015 15:07:29,03/28/2015 03:04:06
491,01/31/2015 12:37:56,03/02/2015 09:42:33
2080,12/16/2014 14:08:50,05/21/2015 13:59:08
5443,12/15/2014 02:45:12,07/07/2015 19:38:18
9218,03/20/2015 01:03:21,05/31/2015 05:55:49
9927,07/06/2015 05:06:37,07/06/2015 15:02:18
3508,03/18/2015 15:55:03,04/10/2015 08:22:03
9400,04/09/2015 15:33:05,04/16/2015 01:29:19
6291,06/03/2015 11:36:54,06/09/2015 12:48:56
9391,04/11/2015 23:57:44,06/30/2015 23:37:21
434,06/22/2015 03:15:40,07/08/2015 04:54:24
7057,12/30/2014 08:28:05,01/04/2015 17:53:12
5919,02/07/2015 22:52:53,05/10/2015 00:54:05
2176,07/05/2015 03:05:28,07/06/2015 10:57:21
3422,11/21/2014 19:09:14,06/21/2015 07:47:48
7643,07/02/2015 03:13:38,07/04/2015 18:38:14
912,02/20/2015 20:57:42,04/08/2015 20:58:10
8438,01/04/2015 19:59:44,06/16/2015 18:57:48
111,05/16/2015 06:41:28,05/19/2015 02:12:41
6851,06/16/2015 00:42:52,06/29/2015 02:39:44
8496,12/15/2014 19:10:42,05/30/2015 20:47:28
8086,01/21/2015 19:19:33,01/22/2015 21:30:24
7682,05/26/2015 23:36:11,06/02/2015 13:55:01
664,07/02/2015 16:40:16,07/08/2015 08:39:04
6922,06/20/2015 13:18:06,07/03/2015 10:33:10
4696,04/08/2015 13:07:36,06/21/2015 18:30:02
1048,01/25/2015 06:32:44,07/04/2015 18:42:17
9135,12/27/2014 03:01:33,02/21/2015 14:11:23
4166,05/07/2015 06:38:38,06/27/2015 17:41:34
2794,06/07/2015 08:23:37,06/29/2015 10:56:55
9145,03/28/2015 08:40:03,05/22/2015 02:25:55
9749,02/10/2015 07:14:36,02/26/2015 22:35:25
4186,04/04/2015 12:06:24,06/23/2015 00:37:09
8922,06/03/2015 19:11:00,06/18/2015 22:04:43
7165,03/17/2015 14:10:56,05/03/2015 20:09:00
8453,02/01/2015 19:48:29,06/09/2015 21:36:24
3482,01/19/2015 11:54:35,04/21/2015 05:52:53
6047,11/24/2014 07:31:36,06/17/2015 03:09:09
2589,04/30/2015 01:43:18,06/08/2015 16:33:15
1848,02/20/2015 10:16:52,05/27/2015 11:17:59
5535,12/17/2014 11:11:12,05/23/2015 21:13:56
3392,04/15/2015 14:16:26,06/05/2015 12:04:08
8892,04/12/2015 06:07:06,05/29/2015 18:48:08
4280,12/27/2014 10:20:35,04/19/2015 17:41:46
6457,01/21/2015 19:51:11,06/30/2015 18:18:39
6667,06/28/2015 00:59:37,07/07/2015 08:51:43
6160,02/05/2015 06:20:11,06/17/2015 19:20:48
3975,11/10/2014 19:47:42,07/03/2015 17:42:49
1208,05/17/2015 22:15:55,06/17/2015 15:47:37
5728,01/11/2015 20:42:26,05/23/2015 09:16:46
9213,03/09/2015 00:52:36,06/09/2015 08:08:16
5125,03/31/2015 06:43:00,05/09/2015 04:26:09
5976,07/04/2015 02:39:54,07/06/2015 01:39:56
7671,04/09/2015 17:34:42,06/29/2015 18:18:45
9045,02/01/2015 12:47:01,07/01/2015 03:43:52
7737,12/11/2014 16:25:38,03/10/2015 12:09:35
5391,01/23/2015 07:51:59,02/27/2015 00:29:10
8085,07/04/2015 12:30:34,07/08/2015 23:22:05
2329,04/07/2015 17:20:13,04/14/2015 02:27:44
1091,04/24/2015 21:21:41,06/09/2015 18:00:15
889,05/03/2015 03:28:23,05/12/2015 09:59:50
3938,06/23/2015 01:40:51,06/27/2015 18:18:55
2190,03/24/2015 15:11:37,05/07/2015 20:29:48
8451,01/01/2015 15:05:31,06/12/2015 17:53:13
9206,01/04/2015 08:07:04,06/14/2015 00:50:46
2041,02/11/2015 02:55:16,03/21/2015 04:12:01
3783,04/11/2015 16:50:48,06/24/2015 10:32:01
3884,12/06/2014 14:41:10,03/13/2015 20:02:33
5180,12/07/2014 06:55:00,04/23/2015 04:37:03
7488,12/03/2014 13:31:59,07/07/2015 02:10:55
7378,12/15/2014 22:11:16,01/06/2015 00:57:13
24,07/03/2015 18:37:39,07/06/2015 19:41:35
7831,11/03/2014 19:25:28,04/02/2015 16:27:53
3291,06/03/2015 20:51:02,06/07/2015 22:55:17
1913,06/23/2015 00:15:30,07/03/2015 11:08:42
8967,02/02/2015 21:40:45,04/01/2015 21:28:47
2506,05/15/2015 03:21:37,05/22/2015 05:36:36
9296,05/10/2015 11:33:13,06/08/2015 12:17:23
3452,06/11/2015 02:28:53,06/29/2015 13:41:07
3672,04/01/2015 13:28:01,04/27/2015 16:09:05
7343,01/08/2015 07:32:55,06/12/2015 20:25:50
369,06/26/2015 16:04:03,06/27/2015 06:32:53
2590,02/15/2015 11:40:21,05/17/2015 06:09:29
2717,03/29/2015 22:08:33,05/13/2015 07:05:26
4143,02/13/2015 19:14:28,06/13/2015 12:29:02
2202,11/10/2014 03:14:15,02/23/2015 09:39:18
2280,01/08/2015 07:29:49,03/25/2015 17:42:10
8526,01/10/2015 21:08:08,04/14/2015 07:23:46
5186,01/04/2015 17:37:26,03/04/2015 11:19:54
9415,01/01/2015 02:38:14,01/26/2015 06:39:01
3926,11/09/2014 20:19:13,05/29/2015 00:27:00
8105,03/03/2015 06:59:02,05/12/2015 09:28:28
9997,07/01/2015 03:26:43,07/02/2015 23:26:34
3996,02/25/2015 20:38:37,05/02/2015 05:37:41
3804,04/11/2015 03:32:00,06/11/2015 08:30:30
6194,02/21/2015 11:04:06,05/15/2015 11:59:08
5451,01/30/2015 08:05:04,02/18/2015 09:01:39
4901,06/23/2015 19:24:21,07/02/2015 10:10:52
4882,05/21/2015 08:11:38,06/28/2015 06:37:23
1090,04/25/2015 11:50:09,05/22/2015 06:00:40
9602,12/22/2014 08:48:42,05/14/2015 22:42:25
890,03/15/2015 15:26:50,03/18/2015 20:32:26
4661,05/11/2015 05:35:36,05/28/2015 20:44:14
926,04/24/2015 06:49:23,07/02/2015 17:42:52
3062,04/20/2015 06:37:49,04/25/2015 13:12:26
363,01/23/2015 07:03:02,02/06/2015 13:56:31
2544,07/01/2015 02:08:00,07/05/2015 08:13:58
1228,04/29/2015 20:41:44,05/26/2015 02:28:19
7951,01/27/2015 19:03:21,04/20/2015 01:42:38
2188,03/10/2015 02:19:06,05/24/2015 06:00:21
5000,02/27/2015 12:17:08,06/20/2015 22:57:26
6818,03/17/2015 18:34:04,07/04/2015 12:16:58
9984,01/26/2015 22:33:05,04/10/2015 20:37:29
6991,02/02/2015 16:34:40,04/28/2015 01:59:53
8692,05/17/2015 16:14:26,06/12/2015 20:22:19
6933,05/22/2015 20:41:59,05/23/2015 20:33:50
7566,12/02/2014 12:38:12,01/07/2015 07:32:48
4872,06/04/2015 14:59:07,07/05/2015 20:52:14
6360,12/04/2014 13:56:44,01/26/2015 22:02:49
5456,04/21/2015 10:17:57,06/26/2015 09:46:34
198,04/19/2015 02:39:49,05/27/2015 04:47:19
215,04/13/2015 17:57:11,07/07/2015 07:22:20
6018,05/21/2015 03:08:59,06/22/2015 10:34:15
4016,02/24/2015 03:15:41,06/23/2015 14:21:21
7254,05/09/2015 06:21:49,06/12/2015 11:01:06
1075,11/28/2014 03:16:27,12/07/2014 04:17:29
1280,11/15/2014 17:48:19,02/22/2015 13:39:59
2598,07/07/2015 12:34:38,07/07/2015 14:45:37
9282,05/29/2015 04:46:41,07/08/2015 17:13:57
740,01/09/2015 22:21:06,02/17/2015 11:06:32
3274,12/17/2014 09:48:14,04/13/2015 14:23:07
4710,05/10/2015 06:46:23,07/03/2015 18:22:12
7820,04/19/2015 18:35:01,06/24/2015 07:59:39
8470,06/21/2015 16:24:58,06/29/2015 17:13:50
1424,06/07/2015 10:42:15,06/26/2015 16:52:53
2042,03/22/2015 23:15:18,06/10/2015 18:37:13
8515,01/05/2015 04:17:01,06/10/2015 16:29:58
6137,06/15/2015 05:25:07,06/25/2015 06:51:52
1322,11/23/2014 20:05:56,01/02/2015 04:04:50
8395,01/27/2015 07:30:28,04/02/2015 14:32:50
3450,11/16/2014 01:29:59,11/19/2014 14:11:01
6414,03/25/2015 13:52:29,07/04/2015 03:25:30
7364,01/03/2015 09:18:57,06/07/2015 05:31:42
7285,03/31/2015 07:17:09,06/14/2015 15:15:52
7427,11/10/2014 03:53:56,12/30/2014 18:35:23
8423,01/09/2015 04:35:37,02/17/2015 14:39:56
6973,04/27/2015 02:09:24,04/29/2015 11:06:20
8479,11/11/2014 16:57:43,02/16/2015 01:00:35
2278,03/15/2015 23:16:40,03/26/2015 11:38:39
650,05/18/2015 04:57:47,06/12/2015 03:26:00
2493,02/10/2015 21:41:38,06/13/2015 00:42:19
5737,05/15/2015 11:34:30,05/23/2015 22:47:25
4577,01/15/2015 02:38:08,04/26/2015 15:37:55
3535,05/13/2015 16:10:06,06/01/2015 21:21:23
6534,12/07/2014 10:47:40,01/20/2015 19:00:10
7325,02/11/2015 20:24:18,03/01/2015 05:17:08
4686,11/21/2014 18:40:38,02/02/2015 11:10:27
4667,07/03/2015 16:47:27,07/06/2015 20:50:10
8373,01/16/2015 00:51:37,02/11/2015 01:44:11
7801,11/07/2014 15:44:00,01/18/2015 22:51:02
2252,06/06/2015 07:10:20,06/10/2015 05:46:46
9934,12/20/2014 20:24:33,03/29/2015 07:54:56
679,03/23/2015 00:21:38,03/23/2015 04:20:15
456,05/30/2015 19:31:22,07/01/2015 23:13:16
6258,04/04/2015 09:27:55,04/07/2015 12:18:58
4386,03/12/2015 04:16:21,05/24/2015 04:19:16
2428,01/31/2015 09:44:30,03/16/2015 01:57:18
2214,03/10/2015 21:14:50,05/05/2015 14:21:16
5775,01/08/2015 11:40:23,07/07/2015 06:39:29
6836,06/24/2015 17:34:25,06/27/2015 21:40:42
4363,12/05/2014 17:01:00,05/11/2015 09:02:15
1862,02/22/2015 06:10:16,04/10/2015 07:20:06
6079,06/11/2015 05:47:23,06/30/2015 22:30:06
8287,02/05/2015 03:59:37,06/23/2015 07:40:29
4594,05/12/2015 08:33:01,06/03/2015 11:47:56
2889,12/14/2014 22:27:18,02/01/2015 02:52:44
6703,01/29/2015 10:14:52,04/16/2015 16:24:49
5582,06/23/2015 18:21:19,06/25/2015 21:36:15
2775,04/17/2015 00:09:11,07/06/2015 16:06:39
5604,12/18/2014 11:37:06,12/29/2014 16:20:20
3027,05/18/2015 01:32:41,06/09/2015 11:29:22
2029,02/02/2015 02:13:07,06/05/2015 06:23:54
1431,01/12/2015 08:25:37,03/22/2015 01:10:34
6685,12/04/2014 18:40:06,04/28/2015 16:57:52
7283,02/02/2015 07:32:11,06/07/2015 13:29:53
4910,11/29/2014 18:01:16,04/03/2015 21:10:40
9370,06/21/2015 13:01:51,07/02/2015 16:10:56
5846,06/12/2015 16:22:52,06/21/2015 08:26:14
1122,03/09/2015 15:09:18,04/09/2015 19:08:55
